lat,lon
43.6944492182962,-65.6230411025391
43.6964350578125,-65.6202945205078
43.6964350578125,-65.6168612929687
43.6964350578125,-65.6134280654297
43.6944492182962,-65.6099948378906
43.6934562738769,-65.6072482558594
43.6934562738769,-65.6038150283203
43.6949456843406,-65.6010684462891
43.6974279529095,-65.6003818007812
43.6999101187233,-65.6003818007812
43.7023921817816,-65.5996951552734
43.7038813702937,-65.5969485732422
43.7033849782333,-65.5935153457031
43.7033849782333,-65.5900821181641
43.7033849782333,-65.586648890625
43.7058668974331,-65.5839023085937
43.7068596363413,-65.5811557265625
43.7058668974331,-65.5777224990234
43.7058668974331,-65.5742892714844
43.7058668974331,-65.5708560439453
43.7058668974331,-65.5674228164062
43.70735599963,-65.564676234375
43.7098377544193,-65.564676234375
43.7123194064514,-65.5639895888672
43.7143046540918,-65.5612430068359
43.7148009557261,-65.5578097792969
43.7143046540918,-65.5543765517578
43.7138083483471,-65.5516299697266
43.712815724527,-65.5481967421875
43.7118230842656,-65.5447635146484
43.7103340930463,-65.5420169326172
43.7088450648344,-65.5392703505859
43.7068596363413,-65.5372104140625
43.7068596363413,-65.5337771865234
43.70735599963,-65.5303439589844
43.7068596363413,-65.5269107314453
43.7068596363413,-65.5234775039062
43.7083487138765,-65.5200442763672
43.710830427563,-65.5200442763672
43.7133120384922,-65.5214175673828
43.7157935466637,-65.5214175673828
43.7182749520771,-65.520730921875
43.7202600024217,-65.5186709853516
43.7227412228696,-65.5166110488281
43.7227412228696,-65.5131778212891
43.723237454628,-65.50974459375
43.723237454628,-65.5063113662109
43.7247261252412,-65.5035647841797
43.7267109618467,-65.5015048476562
43.7277033554872,-65.4980716201172
43.7277033554872,-65.4946383925781
43.7277033554872,-65.4912051650391
43.7277033554872,-65.4877719375
43.7272071607222,-65.4843387099609
43.7257185517648,-65.4809054824219
43.7257185517648,-65.4774722548828
43.7242299058139,-65.4754123183594
43.7222449870007,-65.4726657363281
43.7202600024217,-65.4699191542969
43.7187712208288,-65.4678592177734
43.71678612116,-65.4644259902344
43.71529725325,-65.4609927626953
43.712815724527,-65.4589328261719
43.7123194064514,-65.4554995986328
43.7118230842656,-65.4520663710937
43.7098377544193,-65.4500064345703
43.7078523588084,-65.4472598525391
43.7063632689423,-65.443826625
43.7048741420839,-65.4410800429687
43.7038813702937,-65.4376468154297
43.7018957773904,-65.4355868789062
43.6999101187233,-65.4335269423828
43.6989172647284,-65.4300937148437
43.6989172647284,-65.4266604873047
43.6989172647284,-65.4232272597656
43.6974279529095,-65.4204806777344
43.6974279529095,-65.4170474501953
43.6969315074161,-65.4136142226562
43.6954421462747,-65.410867640625
43.6934562738769,-65.4081210585937
43.6934562738769,-65.4046878310547
43.6934562738769,-65.4012546035156
43.6934562738769,-65.3978213759766
43.692959795502,-65.3943881484375
43.6919668264216,-65.3916415664062
43.6904773419749,-65.388894984375
43.6884913051703,-65.3854617568359
43.6879947856938,-65.3820285292969
43.6879947856938,-65.3785953017578
43.6879947856938,-65.3751620742187
43.6884913051703,-65.3717288466797
43.6884913051703,-65.3682956191406
43.6870017344103,-65.3662356826172
43.6865052026034,-65.3628024550781
43.6865052026034,-65.3593692275391
43.6879947856938,-65.3566226455078
43.6894843317929,-65.3531894179687
43.6889878205367,-65.3504428359375
43.6874982621071,-65.3476962539062
43.6855121266591,-65.3442630263672
43.6830293648712,-65.3422030898437
43.6805465003306,-65.3422030898437
43.6780635330377,-65.3428897353516
43.6755804629928,-65.3428897353516
43.6740905716451,-65.3401431533203
43.6740905716451,-65.3367099257812
43.6750838366536,-65.3332766982422
43.6750838366536,-65.3298434707031
43.6755804629928,-65.3264102431641
43.6730972901964,-65.3250369521484
43.6706140146489,-65.3243503066406
43.6681306363507,-65.3250369521484
43.6656471553022,-65.3257235976562
43.6636602964834,-65.3277835341797
43.6611766304855,-65.3284701796875
43.6586928617384,-65.3277835341797
43.6562089902426,-65.3270968886719
43.6542218190672,-65.3257235976562
43.6517377626247,-65.3257235976562
43.6497504434926,-65.3270968886719
43.6472662021049,-65.3277835341797
43.6447818579705,-65.3298434707031
43.6422974110897,-65.3312167617187
43.640309779608,-65.33396334375
43.6378251477848,-65.33396334375
43.6353404132165,-65.3325900527344
43.6333525515856,-65.3319034072266
43.6313646241982,-65.33396334375
43.630867632077,-65.3373965712891
43.6298736355052,-65.3408297988281
43.6273885721552,-65.3415164443359
43.6249034060618,-65.3428897353516
43.6224181372255,-65.3442630263672
43.6199327656466,-65.3442630263672
43.6174472913256,-65.3442630263672
43.6149617142629,-65.3428897353516
43.6124760344591,-65.3415164443359
43.6119788861694,-65.3380832167969
43.6104874166426,-65.3346499892578
43.6089959101292,-65.3319034072266
43.6089959101292,-65.3284701796875
43.6089959101292,-65.3250369521484
43.6075043666293,-65.3216037246094
43.6050183786043,-65.3216037246094
43.6030295142119,-65.3236636611328
43.6020350573582,-65.3264102431641
43.6025322878398,-65.3298434707031
43.6025322878398,-65.3332766982422
43.6015378227671,-65.3367099257812
43.6000460943363,-65.3394565078125
43.5980570655616,-65.3422030898437
43.5965652508305,-65.3456363173828
43.5965652508305,-65.3490695449219
43.597062526517,-65.3525027724609
43.5985543289196,-65.355936
43.6005433412561,-65.3579959365234
43.6010405840664,-65.3614291640625
43.5995488433069,-65.3641757460937
43.597062526517,-65.3648623916016
43.594576106989,-65.3655490371094
43.5920895847234,-65.3648623916016
43.5905976220501,-65.3614291640625
43.5881109354051,-65.3586825820312
43.5871162319808,-65.3552493544922
43.5871162319808,-65.3518161269531
43.5856241460235,-65.3490695449219
43.5836346405483,-65.3476962539062
43.5811476662421,-65.3470096083984
43.5786605892006,-65.3476962539062
43.5776657296182,-65.3504428359375
43.5776657296182,-65.3538760634766
43.5776657296182,-65.3573092910156
43.577168293663,-65.3607425185547
43.5766708535983,-65.3641757460937
43.5751785087481,-65.366922328125
43.5741835916344,-65.3703555556641
43.5726911851437,-65.3737887832031
43.5707012522918,-65.3765353652344
43.5687112536906,-65.3785953017578
43.5672187115917,-65.3820285292969
43.567716229734,-65.3854617568359
43.567716229734,-65.388894984375
43.5667211893401,-65.3923282119141
43.567716229734,-65.3957614394531
43.5692087595049,-65.3985080214844
43.5692087595049,-65.4019412490234
43.567716229734,-65.4053744765625
43.567716229734,-65.4088077041016
43.5692087595049,-65.4115542861328
43.5716962269364,-65.4122409316406
43.5736861269135,-65.4101809951172
43.5756759611409,-65.4074344130859
43.5761734094243,-65.4040011855469
43.5786605892006,-65.4026278945312
43.5811476662421,-65.4019412490234
43.5836346405483,-65.4026278945312
43.5861215121188,-65.4040011855469
43.5861215121188,-65.4074344130859
43.5856241460235,-65.410867640625
43.5836346405483,-65.4129275771484
43.5846294015048,-65.4163608046875
43.5861215121188,-65.4191073867187
43.5881109354051,-65.42185396875
43.5905976220501,-65.4232272597656
43.5925868973955,-65.4252871962891
43.5950733991137,-65.4266604873047
43.597062526517,-65.4287204238281
43.597062526517,-65.4321536513672
43.5955706871288,-65.4349002333984
43.5930842059581,-65.4349002333984
43.5915922679418,-65.4376468154297
43.5920895847234,-65.4410800429687
43.5930842059581,-65.4445132705078
43.5935815104113,-65.4479464980469
43.5950733991137,-65.4506930800781
43.5960679710344,-65.4541263076172
43.5960679710344,-65.4575595351562
43.5950733991137,-65.4609927626953
43.5925868973955,-65.4609927626953
43.5901002929401,-65.4609927626953
43.5876135857477,-65.4596194716797
43.5861215121188,-65.4568728896484
43.5836346405483,-65.4568728896484
43.5811476662421,-65.4554995986328
43.5796554323454,-65.4527530166016
43.5776657296182,-65.4513797255859
43.5751785087481,-65.4493197890625
43.5726911851437,-65.4493197890625
43.5702037588055,-65.4493197890625
43.567716229734,-65.4493197890625
43.5652285979296,-65.4493197890625
43.5627408633927,-65.4500064345703
43.5607506017961,-65.4527530166016
43.5587602744513,-65.4554995986328
43.5567698813585,-65.4582461806641
43.5562722728122,-65.4616794082031
43.5562722728122,-65.4651126357422
43.5562722728122,-65.4685458632812
43.5567698813585,-65.4719790908203
43.5572674857955,-65.4754123183594
43.5577650861234,-65.4788455458984
43.558262682342,-65.4822787734375
43.5587602744513,-65.4857120009766
43.558262682342,-65.4891452285156
43.5567698813585,-65.4918918105469
43.5547794225179,-65.4946383925781
43.5527888979297,-65.4960116835937
43.5512959613418,-65.4994449111328
43.5507983075941,-65.5028781386719
43.5488076515115,-65.5049380751953
43.5463192389517,-65.5063113662109
43.5458215441123,-65.50974459375
43.5473146163031,-65.5131778212891
43.5473146163031,-65.5166110488281
43.5458215441123,-65.5200442763672
43.5458215441123,-65.5234775039062
43.5473146163031,-65.5269107314453
43.5498029877712,-65.5282840224609
43.5507983075941,-65.53171725
43.5522912565096,-65.5344638320312
43.5547794225179,-65.5344638320312
43.5572674857955,-65.5330905410156
43.5592578624514,-65.5310306044922
43.5607506017961,-65.5282840224609
43.5632384185186,-65.5269107314453
43.565726132509,-65.5255374404297
43.5667211893401,-65.5227908583984
43.5682137437669,-65.5200442763672
43.5682137437669,-65.5166110488281
43.5697062612098,-65.5138644667969
43.5711987416688,-65.5111178847656
43.5736861269135,-65.5104312392578
43.5761734094243,-65.5118045302734
43.577168293663,-65.5145511123047
43.577168293663,-65.5179843398437
43.5776657296182,-65.5214175673828
43.5796554323454,-65.5241641494141
43.5806502590526,-65.5275973769531
43.5806502590526,-65.5310306044922
43.5821424682928,-65.5344638320312
43.5841320230812,-65.5365237685547
43.5856241460235,-65.5392703505859
43.5876135857477,-65.542703578125
43.5901002929401,-65.5447635146484
43.5910949470507,-65.5481967421875
43.5910949470507,-65.5516299697266
43.5915922679418,-65.5550631972656
43.5940788107549,-65.5571231337891
43.5950733991137,-65.5598697158203
43.5975597980941,-65.5612430068359
43.6000460943363,-65.5639895888672
43.6020350573582,-65.5653628798828
43.6045211686706,-65.5660495253906
43.6065099837481,-65.5674228164062
43.6089959101292,-65.5681094619141
43.6114817337701,-65.5687961074219
43.6139674546703,-65.5701693984375
43.6164530728295,-65.5701693984375
43.618441493383,-65.5715426894531
43.6204298481817,-65.5736026259766
43.6209269266072,-65.5770358535156
43.621424000923,-65.5804690810547
43.6234122570891,-65.5825290175781
43.6258974848284,-65.5825290175781
43.6283826098244,-65.5825290175781
43.630867632077,-65.5832156630859
43.6333525515856,-65.5832156630859
43.6358373683497,-65.5825290175781
43.6383220823691,-65.5825290175781
43.6408066936431,-65.5811557265625
43.6432912021716,-65.5811557265625
43.6452787350171,-65.5825290175781
43.6477630586022,-65.5825290175781
43.6502472794405,-65.5818423720703
43.6527313975315,-65.5818423720703
43.6552154128747,-65.5832156630859
43.6576993254699,-65.5845889541016
43.6601831353165,-65.5845889541016
43.6626668424142,-65.5852755996094
43.6646537341128,-65.5873355361328
43.6661438597319,-65.5900821181641
43.6661438597319,-65.5935153457031
43.667633948361,-65.5969485732422
43.6701173472093,-65.59763521875
43.672600643307,-65.59763521875
43.6750838366536,-65.59763521875
43.6775669272489,-65.5983218642578
43.6785601347165,-65.6017550917969
43.6805465003306,-65.6038150283203
43.6820362313853,-65.6072482558594
43.6825328001833,-65.6106814833984
43.6850155825218,-65.6127414199219
43.6860086666863,-65.6161746474609
43.6870017344103,-65.619607875
43.6894843317929,-65.6202945205078
43.6919668264216,-65.6216678115234
43.6934562738769,-65.6230411025391
